mean_fit_time,std_fit_time,mean_score_time,std_score_time,param_C,params,split0_test_score,split1_test_score,split2_test_score,split3_test_score,split4_test_score,mean_test_score,std_test_score,rank_test_score
0.016208171844482422,0.0014845569213690652,0.003849172592163086,0.0006371562556611871,0.001,{'C': np.float64(0.001)},0.0,0.0,0.0,0.0,0.0,0.0,0.0,6
0.015392494201660157,0.0011236135430524178,0.004269027709960937,0.0010681152620485848,0.0027825594022071257,{'C': np.float64(0.0027825594022071257)},0.0,0.0,0.0,0.0,0.0,0.0,0.0,6
0.016697502136230467,0.0009900092412575422,0.004874277114868164,0.00212112219429937,0.007742636826811269,{'C': np.float64(0.007742636826811269)},0.0,0.0,0.0,0.0,0.0,0.0,0.0,6
0.015451955795288085,0.0005830161283681615,0.003963327407836914,0.0006767085497742529,0.021544346900318832,{'C': np.float64(0.021544346900318832)},0.0,0.0,0.0,0.0,0.0,0.0,0.0,6
0.015070581436157226,0.0005260101027926992,0.0034990310668945312,0.00032552915304201506,0.05994842503189409,{'C': np.float64(0.05994842503189409)},0.0,0.0,0.0,0.0,0.0,0.0,0.0,6
0.05840377807617188,0.01322977298585965,0.0035421371459960936,0.0003334251360348172,0.1668100537200059,{'C': np.float64(0.1668100537200059)},0.4,0.8571428571428571,0.0,0.6666666666666666,0.4,0.4647619047619047,0.2895238095238095,5
0.052386236190795896,0.01225905145034998,0.003490924835205078,0.00014817541103006075,0.46415888336127775,{'C': np.float64(0.46415888336127775)},0.5714285714285714,0.8571428571428571,0.3333333333333333,0.5,0.6666666666666666,0.5857142857142856,0.17405397030949585,4
0.06348485946655273,0.004146905824949218,0.003837299346923828,0.0003724112980772984,1.2915496650148828,{'C': np.float64(1.2915496650148828)},0.6666666666666666,0.8571428571428571,0.3333333333333333,0.5,0.8571428571428571,0.6428571428571428,0.2042629579954973,2
0.05139970779418945,0.0025814553100014866,0.003720998764038086,0.00023957506076498363,3.593813663804626,{'C': np.float64(3.593813663804626)},0.6666666666666666,0.8,0.3333333333333333,0.5,1.0,0.6599999999999999,0.23132468763863298,1
0.057011747360229494,0.008364801748709084,0.0036286354064941407,0.00015115810117338524,10.0,{'C': np.float64(10.0)},0.8,0.5714285714285714,0.3333333333333333,0.4,1.0,0.6209523809523809,0.24889050857911593,3
