mean_fit_time,std_fit_time,mean_score_time,std_score_time,param_max_depth,param_min_samples_leaf,param_min_samples_split,param_n_estimators,params,split0_test_score,split1_test_score,split2_test_score,split3_test_score,split4_test_score,mean_test_score,std_test_score,rank_test_score
0.5566357612609864,0.17573416436578743,0.022254514694213866,0.0028321186283868653,,1,2,200,"{'max_depth': None, 'min_samples_leaf': 1, 'min_samples_split': 2, 'n_estimators': 200}",0.5,0.6666666666666666,0.6666666666666666,0.4,1.0,0.6466666666666666,0.2039607805437114,13
1.1834383487701416,0.28836749551205326,0.05997190475463867,0.019228245963160535,,1,2,500,"{'max_depth': None, 'min_samples_leaf': 1, 'min_samples_split': 2, 'n_estimators': 500}",0.5,0.6666666666666666,0.5714285714285714,0.5,1.0,0.6476190476190476,0.1865062478815823,1
0.6599665641784668,0.08657854616626526,0.029769134521484376,0.01204759716612221,,1,5,200,"{'max_depth': None, 'min_samples_leaf': 1, 'min_samples_split': 5, 'n_estimators': 200}",0.5,0.6666666666666666,0.6666666666666666,0.4,1.0,0.6466666666666666,0.2039607805437114,13
1.0593425750732421,0.036052861735091896,0.0460665225982666,0.0030841829530530674,,1,5,500,"{'max_depth': None, 'min_samples_leaf': 1, 'min_samples_split': 5, 'n_estimators': 500}",0.5,0.6666666666666666,0.5714285714285714,0.5,1.0,0.6476190476190476,0.1865062478815823,1
0.42725434303283694,0.021624606662193034,0.020570039749145508,0.0006100610324686418,,2,2,200,"{'max_depth': None, 'min_samples_leaf': 2, 'min_samples_split': 2, 'n_estimators': 200}",0.5,0.6666666666666666,0.6666666666666666,0.4,1.0,0.6466666666666666,0.2039607805437114,13
1.0492441654205322,0.02049758362080751,0.045342302322387694,0.0010831804022739633,,2,2,500,"{'max_depth': None, 'min_samples_leaf': 2, 'min_samples_split': 2, 'n_estimators': 500}",0.5,0.6666666666666666,0.5714285714285714,0.5,1.0,0.6476190476190476,0.1865062478815823,1
0.4199033260345459,0.01590533498430976,0.02057309150695801,0.00042442228925570135,,2,5,200,"{'max_depth': None, 'min_samples_leaf': 2, 'min_samples_split': 5, 'n_estimators': 200}",0.5,0.6666666666666666,0.6666666666666666,0.4,1.0,0.6466666666666666,0.2039607805437114,13
1.6079532146453857,0.8725155137964514,0.05032777786254883,0.013182061309337583,,2,5,500,"{'max_depth': None, 'min_samples_leaf': 2, 'min_samples_split': 5, 'n_estimators': 500}",0.5,0.6666666666666666,0.5714285714285714,0.5,1.0,0.6476190476190476,0.1865062478815823,1
0.7117002487182618,0.3675146548979629,0.021167898178100587,0.0009359609987486742,10,1,2,200,"{'max_depth': 10, 'min_samples_leaf': 1, 'min_samples_split': 2, 'n_estimators': 200}",0.5,0.6666666666666666,0.6666666666666666,0.4,1.0,0.6466666666666666,0.2039607805437114,13
1.0535133361816407,0.0077347171993017655,0.044100379943847655,0.001235341194738002,10,1,2,500,"{'max_depth': 10, 'min_samples_leaf': 1, 'min_samples_split': 2, 'n_estimators': 500}",0.5,0.6666666666666666,0.5714285714285714,0.5,1.0,0.6476190476190476,0.1865062478815823,1
0.4128697395324707,0.00918707493370924,0.02158780097961426,0.0007499519434136338,10,1,5,200,"{'max_depth': 10, 'min_samples_leaf': 1, 'min_samples_split': 5, 'n_estimators': 200}",0.5,0.6666666666666666,0.6666666666666666,0.4,1.0,0.6466666666666666,0.2039607805437114,13
1.043234920501709,0.008045481300163979,0.04520735740661621,0.001117769254206886,10,1,5,500,"{'max_depth': 10, 'min_samples_leaf': 1, 'min_samples_split': 5, 'n_estimators': 500}",0.5,0.6666666666666666,0.5714285714285714,0.5,1.0,0.6476190476190476,0.1865062478815823,1
0.42801356315612793,0.005294795407340123,0.02081761360168457,0.00145279102053139,10,2,2,200,"{'max_depth': 10, 'min_samples_leaf': 2, 'min_samples_split': 2, 'n_estimators': 200}",0.5,0.6666666666666666,0.6666666666666666,0.4,1.0,0.6466666666666666,0.2039607805437114,13
1.510942268371582,0.2630714996949172,0.06850728988647461,0.01812694948540225,10,2,2,500,"{'max_depth': 10, 'min_samples_leaf': 2, 'min_samples_split': 2, 'n_estimators': 500}",0.5,0.6666666666666666,0.5714285714285714,0.5,1.0,0.6476190476190476,0.1865062478815823,1
0.4549826145172119,0.055385584758779284,0.02083272933959961,0.0007976863920081633,10,2,5,200,"{'max_depth': 10, 'min_samples_leaf': 2, 'min_samples_split': 5, 'n_estimators': 200}",0.5,0.6666666666666666,0.6666666666666666,0.4,1.0,0.6466666666666666,0.2039607805437114,13
1.0059958457946778,0.01975848266918692,0.04538869857788086,0.001723408556383587,10,2,5,500,"{'max_depth': 10, 'min_samples_leaf': 2, 'min_samples_split': 5, 'n_estimators': 500}",0.5,0.6666666666666666,0.5714285714285714,0.5,1.0,0.6476190476190476,0.1865062478815823,1
0.4190114974975586,0.017571629560573183,0.020455026626586915,0.0001572295314357826,20,1,2,200,"{'max_depth': 20, 'min_samples_leaf': 1, 'min_samples_split': 2, 'n_estimators': 200}",0.5,0.6666666666666666,0.6666666666666666,0.4,1.0,0.6466666666666666,0.2039607805437114,13
1.0658069610595704,0.03486220228827502,0.047790813446044925,0.0041265091537106445,20,1,2,500,"{'max_depth': 20, 'min_samples_leaf': 1, 'min_samples_split': 2, 'n_estimators': 500}",0.5,0.6666666666666666,0.5714285714285714,0.5,1.0,0.6476190476190476,0.1865062478815823,1
0.4255568027496338,0.0181780616015101,0.020962238311767578,0.0012659329235319885,20,1,5,200,"{'max_depth': 20, 'min_samples_leaf': 1, 'min_samples_split': 5, 'n_estimators': 200}",0.5,0.6666666666666666,0.6666666666666666,0.4,1.0,0.6466666666666666,0.2039607805437114,13
1.4184946537017822,0.3150112218322469,0.06655635833740234,0.01851798640147751,20,1,5,500,"{'max_depth': 20, 'min_samples_leaf': 1, 'min_samples_split': 5, 'n_estimators': 500}",0.5,0.6666666666666666,0.5714285714285714,0.5,1.0,0.6476190476190476,0.1865062478815823,1
0.46933579444885254,0.1033252746320641,0.01982460021972656,0.00036945109767896347,20,2,2,200,"{'max_depth': 20, 'min_samples_leaf': 2, 'min_samples_split': 2, 'n_estimators': 200}",0.5,0.6666666666666666,0.6666666666666666,0.4,1.0,0.6466666666666666,0.2039607805437114,13
1.029067325592041,0.024769706286992734,0.048233747482299805,0.003227688702927901,20,2,2,500,"{'max_depth': 20, 'min_samples_leaf': 2, 'min_samples_split': 2, 'n_estimators': 500}",0.5,0.6666666666666666,0.5714285714285714,0.5,1.0,0.6476190476190476,0.1865062478815823,1
0.45831642150878904,0.037016463542431224,0.021503543853759764,0.0005068984346006969,20,2,5,200,"{'max_depth': 20, 'min_samples_leaf': 2, 'min_samples_split': 5, 'n_estimators': 200}",0.5,0.6666666666666666,0.6666666666666666,0.4,1.0,0.6466666666666666,0.2039607805437114,13
0.9957460880279541,0.08747616646324496,0.041987133026123044,0.007549183744473931,20,2,5,500,"{'max_depth': 20, 'min_samples_leaf': 2, 'min_samples_split': 5, 'n_estimators': 500}",0.5,0.6666666666666666,0.5714285714285714,0.5,1.0,0.6476190476190476,0.1865062478815823,1
